max_time_bin,begin_sig_period,end_sig_period
0.355,0.33499999999999996,0.375
0.165,0.14500000000000002,0.195
0.355,0.30500000000000005,0.41500000000000004
